Token,Price,Timestamp
SOL,55.84776215633657,2023-11-28 13:00:47
SOL,56.33040081436961,2023-11-28 14:00:42
SOL,55.983270491462726,2023-11-28 15:00:54
SOL,56.01399884558739,2023-11-28 16:00:07
SOL,56.893084663935745,2023-11-28 17:01:26
SOL,57.9552311244093,2023-11-28 18:00:46
SOL,57.684947780739606,2023-11-28 19:01:48
SOL,58.13770015048935,2023-11-28 20:00:36
SOL,58.60896903124638,2023-11-28 21:00:16
SOL,58.2004654033811,2023-11-28 22:00:36
SOL,57.725694929547664,2023-11-28 23:00:31
SOL,58.18991464858314,2023-11-29 00:00:02
SOL,58.29526363122525,2023-11-29 01:00:20
SOL,58.47361135476692,2023-11-29 02:00:21
SOL,58.37167188611014,2023-11-29 03:00:57
SOL,58.53498371613352,2023-11-29 04:00:05
SOL,58.41581789067845,2023-11-29 05:00:39
SOL,58.42747573709207,2023-11-29 06:00:00
SOL,59.52538151904253,2023-11-29 07:00:13
SOL,59.435794719447266,2023-11-29 08:00:28
SOL,61.12039997287776,2023-11-29 09:00:37
SOL,61.28402523084247,2023-11-29 10:00:26
SOL,60.18697737936987,2023-11-29 11:01:05
SOL,60.66985838063433,2023-11-29 12:00:02
SOL,60.775348444930486,2023-11-29 13:01:00
SOL,60.60862842822439,2023-11-29 14:00:10
SOL,60.18795398885977,2023-11-29 15:00:46
SOL,60.10412942486054,2023-11-29 16:00:25
SOL,59.387746731294335,2023-11-29 17:00:06
SOL,60.073368065667246,2023-11-29 18:00:20
SOL,60.00636885959152,2023-11-29 19:00:15
SOL,59.79879316228645,2023-11-29 20:00:16
SOL,59.40225688027229,2023-11-29 21:00:08
SOL,59.04372759984023,2023-11-29 22:00:23
SOL,59.21695748787212,2023-11-29 23:01:00
SOL,59.132384073791634,2023-11-30 00:00:43
SOL,59.57244526404222,2023-11-30 01:00:05
SOL,59.34531579361023,2023-11-30 02:00:53
SOL,60.060615212985724,2023-11-30 03:00:04
SOL,60.46972086576317,2023-11-30 04:01:23
SOL,60.430273015576276,2023-11-30 05:00:06
SOL,60.25937181386058,2023-11-30 06:00:32
SOL,60.25416290263604,2023-11-30 07:00:45
SOL,59.92216803531261,2023-11-30 08:00:10
SOL,59.67555187386612,2023-11-30 09:00:50
SOL,59.582091796455025,2023-11-30 10:00:29
SOL,59.856105551050916,2023-11-30 11:00:05
SOL,60.541390457013115,2023-11-30 12:00:04
SOL,61.24390414375278,2023-11-30 13:00:20
SOL,60.381232326815564,2023-11-30 14:01:25
SOL,59.78939400637056,2023-11-30 15:01:07
SOL,59.301110158768715,2023-11-30 16:00:20
SOL,59.176850140958656,2023-11-30 17:01:00
SOL,59.326123632597316,2023-11-30 18:00:13
SOL,59.3280579108956,2023-11-30 19:00:30
SOL,59.9262375312606,2023-11-30 20:00:12
SOL,59.988089938893324,2023-11-30 21:01:34
SOL,59.79464598101046,2023-11-30 22:00:39
SOL,59.348700526186924,2023-11-30 23:00:06
SOL,59.17998717985522,2023-12-01 00:01:00
SOL,58.905691821715685,2023-12-01 01:01:16
SOL,60.06447809139566,2023-12-01 02:00:02
SOL,60.93327249187674,2023-12-01 03:00:05
SOL,60.79641995839094,2023-12-01 04:00:25
SOL,60.69916074892459,2023-12-01 05:00:25
SOL,60.47708223052757,2023-12-01 06:00:08
SOL,60.806065372173634,2023-12-01 07:00:48
SOL,60.94521167184817,2023-12-01 08:00:54
SOL,60.970655578912066,2023-12-01 09:00:41
SOL,61.506347503939836,2023-12-01 10:00:28
SOL,61.24930904509027,2023-12-01 11:00:06
SOL,61.039942223265435,2023-12-01 12:00:57
SOL,60.6176679911673,2023-12-01 13:00:19
SOL,60.47564148846759,2023-12-01 14:00:24
SOL,59.92307391665302,2023-12-01 15:00:03
SOL,60.179820673931715,2023-12-01 16:00:36
SOL,60.438589587142886,2023-12-01 17:00:52
SOL,60.440627705836285,2023-12-01 18:01:01
SOL,60.495623297070765,2023-12-01 19:00:24
SOL,60.469948856496714,2023-12-01 20:00:29
SOL,60.48957396271937,2023-12-01 21:00:16
SOL,60.17841958174627,2023-12-01 22:01:18
SOL,60.122907609753035,2023-12-01 23:00:16
SOL,59.82358486245393,2023-12-02 00:01:17
SOL,60.16985113512679,2023-12-02 01:00:57
SOL,60.483122927142745,2023-12-02 02:01:20
SOL,60.99991652621827,2023-12-02 03:00:46
SOL,60.959696462572495,2023-12-02 04:00:11
SOL,61.035937988120345,2023-12-02 05:00:19
SOL,61.51692379265677,2023-12-02 06:00:35
SOL,61.84248590370495,2023-12-02 07:00:40
SOL,62.09939730967023,2023-12-02 08:00:17
SOL,61.92889267333319,2023-12-02 09:00:16
SOL,62.38307334387066,2023-12-02 10:00:39
SOL,62.165244455606924,2023-12-02 11:00:54
SOL,62.21443890983529,2023-12-02 12:00:11
SOL,62.287354161924085,2023-12-02 13:00:29
SOL,62.20810399436761,2023-12-02 14:00:16
SOL,61.697622935326265,2023-12-02 15:00:19
SOL,62.09415781332108,2023-12-02 16:00:47
SOL,61.69139507644992,2023-12-02 17:01:04
SOL,61.824837011815305,2023-12-02 18:01:09
SOL,62.17654877888057,2023-12-02 19:00:32
SOL,62.75289244929639,2023-12-02 20:01:04
SOL,63.09184851963266,2023-12-02 21:01:15
SOL,63.22819955841825,2023-12-02 22:00:05
SOL,62.932571564908166,2023-12-02 23:01:25
SOL,63.54188841925499,2023-12-03 00:00:51
SOL,65.18081229233272,2023-12-03 01:00:11
SOL,65.07736923169826,2023-12-03 02:00:29
SOL,64.82291582037055,2023-12-03 03:01:06
SOL,64.10275988487606,2023-12-03 04:00:56
SOL,63.95463238580359,2023-12-03 05:01:01
SOL,64.10287623599794,2023-12-03 06:00:55
SOL,63.75939869863196,2023-12-03 07:00:03
SOL,64.03676237276763,2023-12-03 08:00:12
SOL,63.5860589230505,2023-12-03 09:00:11
SOL,63.47441995585527,2023-12-03 10:00:51
SOL,63.713391619190254,2023-12-03 11:00:49
SOL,63.430084747406795,2023-12-03 12:00:30
SOL,62.76605209445062,2023-12-03 13:00:14
SOL,63.42186473240751,2023-12-03 14:00:02
SOL,62.895180520630525,2023-12-03 15:00:16
SOL,63.19516392336627,2023-12-03 16:00:10
SOL,62.81104523918276,2023-12-03 17:00:49
SOL,62.53287327302816,2023-12-03 18:00:08
SOL,62.5248573984454,2023-12-03 19:00:47
SOL,62.916024044303995,2023-12-03 20:01:16
SOL,62.94443737956906,2023-12-03 21:01:19
SOL,62.95191062743567,2023-12-03 22:01:11
SOL,63.66435041833675,2023-12-03 23:00:40
SOL,63.03195896993933,2023-12-04 00:00:54
SOL,63.63476675906983,2023-12-04 01:00:30
SOL,64.56511918187664,2023-12-04 02:00:01
SOL,63.972857335286506,2023-12-04 03:00:08
SOL,64.24128787479133,2023-12-04 04:00:16
SOL,64.94293574005499,2023-12-04 05:00:39
SOL,64.75454379071368,2023-12-04 06:00:11
SOL,64.68900048913164,2023-12-04 07:00:03
SOL,63.7646017411847,2023-12-04 08:00:03
SOL,64.26760917054337,2023-12-04 09:00:41
SOL,63.6808610044144,2023-12-04 10:00:08
SOL,63.28971087867988,2023-12-04 11:00:31
SOL,61.61388550763418,2023-12-04 12:00:19
SOL,61.92417092008701,2023-12-04 13:01:50
SOL,60.594021380024444,2023-12-04 14:00:18
SOL,61.09156992973525,2023-12-04 15:00:14
SOL,60.6324810086563,2023-12-04 16:00:04
SOL,60.811805012839166,2023-12-04 17:00:07
SOL,60.73539813049407,2023-12-04 18:00:13
SOL,60.40775805806056,2023-12-04 19:00:06
SOL,60.89959690860696,2023-12-04 20:00:00
SOL,61.65351941893276,2023-12-04 21:00:40
SOL,61.426712025565536,2023-12-04 22:00:58
SOL,60.83257489131848,2023-12-04 23:00:27
SOL,61.54974703996793,2023-12-05 00:00:56
SOL,62.017020858063425,2023-12-05 01:00:10
SOL,61.05222368504506,2023-12-05 02:00:23
SOL,60.192199962874476,2023-12-05 03:00:51
SOL,60.568147034850234,2023-12-05 04:01:00
SOL,60.28784290940422,2023-12-05 05:00:08
SOL,60.423821994718764,2023-12-05 06:00:52
SOL,60.004713697163254,2023-12-05 07:01:01
SOL,59.68623810280434,2023-12-05 08:00:05
SOL,59.9394428427156,2023-12-05 09:00:44
SOL,60.18123139044404,2023-12-05 10:00:22
SOL,59.95879540088233,2023-12-05 11:00:04
SOL,60.211883863967856,2023-12-05 12:01:03
SOL,60.47413942838843,2023-12-05 13:01:02
SOL,60.18589792441001,2023-12-05 14:00:12
SOL,60.41514138552224,2023-12-05 15:00:48
SOL,60.49015982772685,2023-12-05 16:00:09
SOL,60.72156248667594,2023-12-05 17:00:07
SOL,61.45496817914625,2023-12-05 18:01:38
SOL,61.39567848093871,2023-12-05 19:01:16
SOL,61.440656340966605,2023-12-05 20:01:00
SOL,60.97146655212826,2023-12-05 21:00:06
SOL,60.87164560099045,2023-12-05 22:01:33
SOL,60.53125496374417,2023-12-05 23:00:07
SOL,60.9025608945616,2023-12-06 00:00:07
SOL,63.216797738994735,2023-12-06 01:00:03
SOL,63.450789291176385,2023-12-06 02:00:26
SOL,63.39751497294134,2023-12-06 03:00:29
SOL,64.15492877664693,2023-12-06 04:00:14
SOL,64.48572188140099,2023-12-06 05:01:03
SOL,63.16664800410065,2023-12-06 06:00:01
SOL,63.42570113717748,2023-12-06 07:01:19
SOL,63.24456087880389,2023-12-06 08:00:02
SOL,65.7069784821651,2023-12-06 09:00:32
SOL,65.30255221690244,2023-12-06 10:00:19
SOL,63.8977246874103,2023-12-06 11:00:08
SOL,62.995099367145684,2023-12-06 12:00:15
SOL,63.6541403587489,2023-12-06 13:00:52
SOL,63.24333840582524,2023-12-06 14:00:19
SOL,62.85091679994916,2023-12-06 15:00:13
SOL,62.53487872088955,2023-12-06 16:00:22
SOL,62.87670017281396,2023-12-06 17:00:04
SOL,63.71774880142688,2023-12-06 18:00:02
SOL,63.23181239416571,2023-12-06 19:01:05
SOL,64.29890714244452,2023-12-06 20:00:11
SOL,63.8478378541536,2023-12-06 21:00:13
SOL,63.78827715809928,2023-12-06 22:00:46
SOL,62.77070368592909,2023-12-06 23:00:41
SOL,62.23204453296526,2023-12-07 00:00:15
SOL,62.98741535560335,2023-12-07 01:00:43
SOL,62.81351743036236,2023-12-07 02:00:27
SOL,62.840451375590376,2023-12-07 03:00:43
SOL,62.85779316525261,2023-12-07 04:00:42
SOL,63.50134228335881,2023-12-07 05:00:33
SOL,63.46645923506423,2023-12-07 06:00:51
SOL,63.29061529911341,2023-12-07 07:00:16
SOL,63.453387928590224,2023-12-07 08:00:13
SOL,63.00254887845436,2023-12-07 09:00:35
SOL,63.23497047101702,2023-12-07 10:00:59
SOL,63.15324242339052,2023-12-07 11:00:15
SOL,63.663850086228656,2023-12-07 12:00:01
SOL,64.42588179818046,2023-12-07 13:00:05
SOL,63.881457370860346,2023-12-07 14:00:30
SOL,64.15187153585563,2023-12-07 15:00:15
SOL,65.68532399073632,2023-12-07 16:00:35
SOL,65.81068043808592,2023-12-07 17:00:35
SOL,66.34161660175758,2023-12-07 18:00:27
SOL,65.50667110373026,2023-12-07 19:00:16
SOL,64.75234009579336,2023-12-07 20:00:11
SOL,65.28703105303988,2023-12-07 21:00:30
SOL,68.74625727202893,2023-12-07 22:00:05
SOL,68.04493025693202,2023-12-07 23:00:09
SOL,67.69386460535054,2023-12-08 00:00:46
SOL,68.48598313614573,2023-12-08 01:00:47
SOL,68.56796190560881,2023-12-08 02:00:10
SOL,69.56508599465134,2023-12-08 03:00:24
SOL,71.73188817652469,2023-12-08 04:00:04
SOL,72.275484846278,2023-12-08 05:00:06
SOL,71.10705068890691,2023-12-08 06:00:03
SOL,72.28300226340427,2023-12-08 07:00:19
SOL,71.60670354564391,2023-12-08 08:00:14
SOL,71.12283593410176,2023-12-08 09:00:09
SOL,71.11447723931855,2023-12-08 10:00:14
SOL,72.17878111394376,2023-12-08 11:00:08
SOL,73.07753040173863,2023-12-08 12:00:10
SOL,73.27291321010163,2023-12-08 13:00:11
SOL,72.78145603721684,2023-12-08 14:00:14
SOL,72.9577980682363,2023-12-08 15:00:11
SOL,72.11403797504832,2023-12-08 16:00:16
SOL,73.10159238943238,2023-12-08 17:00:12
SOL,73.60310448392435,2023-12-08 18:00:05
SOL,72.90119308451652,2023-12-08 19:00:05
SOL,72.25605446909991,2023-12-08 20:00:05
SOL,73.30449356639942,2023-12-08 21:00:10
SOL,72.87490537888101,2023-12-08 22:00:05
SOL,73.5882401666254,2023-12-08 23:00:11
SOL,74.93935070697938,2023-12-09 00:00:32
SOL,73.98406235296154,2023-12-09 01:00:29
SOL,73.6945573652482,2023-12-09 02:01:03
SOL,73.8391449637086,2023-12-09 03:00:05
SOL,74.24130474635386,2023-12-09 04:00:05
SOL,74.08427257384467,2023-12-09 05:00:09
SOL,74.93508766681902,2023-12-09 06:00:14
SOL,76.32659444650197,2023-12-09 07:00:08
SOL,77.31808527265781,2023-12-09 08:00:20
SOL,75.96499906207359,2023-12-09 09:00:19
SOL,75.87212546772999,2023-12-09 10:00:14
SOL,76.70737546800332,2023-12-09 11:00:20
SOL,77.25524158376899,2023-12-09 12:00:26
SOL,77.0938925499116,2023-12-09 13:00:28
SOL,76.1489740786585,2023-12-09 14:00:05
SOL,75.64429281169056,2023-12-09 15:00:20
SOL,75.90218011192864,2023-12-09 16:00:02
SOL,74.50467789445045,2023-12-09 17:00:37
SOL,73.64400528792466,2023-12-09 18:00:02
SOL,74.23692243528367,2023-12-09 19:00:08
SOL,74.06810310609427,2023-12-09 20:00:15
SOL,73.8056238341733,2023-12-09 21:00:03
SOL,74.11428658997195,2023-12-09 22:00:22
SOL,73.91522617855028,2023-12-09 23:00:39
SOL,72.24189672388222,2023-12-10 00:00:20
SOL,73.6490742984727,2023-12-10 01:00:40
SOL,73.46748183776273,2023-12-10 02:00:46
SOL,72.87333888569577,2023-12-10 03:00:14
SOL,73.05999216704895,2023-12-10 04:00:10
SOL,73.32622115453097,2023-12-10 05:00:09
SOL,73.25349650538597,2023-12-10 06:00:02
SOL,72.72621325871819,2023-12-10 07:00:24
SOL,72.28162991959178,2023-12-10 08:00:07
SOL,72.11409928131839,2023-12-10 09:00:09
SOL,71.09864843694815,2023-12-10 10:00:37
SOL,71.58371591655757,2023-12-10 11:00:15
SOL,71.53870516814236,2023-12-10 12:00:03
SOL,72.4233575283717,2023-12-10 13:00:00
SOL,72.66793229912328,2023-12-10 14:00:01
SOL,73.44790520054393,2023-12-10 15:00:07
SOL,73.65131103006358,2023-12-10 16:00:47
SOL,73.20780972246429,2023-12-10 17:00:09
SOL,72.35609818907986,2023-12-10 18:00:47
SOL,73.17631365600577,2023-12-10 19:00:10
SOL,72.93421161563961,2023-12-10 20:00:04
SOL,74.27226763398876,2023-12-10 21:00:29
SOL,73.99461195949573,2023-12-10 22:00:12
SOL,74.00308490725614,2023-12-10 23:00:35
SOL,74.42357981310117,2023-12-11 00:00:08
SOL,73.53393136864503,2023-12-11 01:00:21
SOL,73.12442122445107,2023-12-11 02:00:07
SOL,69.87481740151043,2023-12-11 03:00:14
SOL,71.4429900830633,2023-12-11 04:00:06
SOL,70.13015545214775,2023-12-11 05:00:34
SOL,69.72905100525935,2023-12-11 06:00:04
SOL,68.51531948530699,2023-12-11 07:00:04
SOL,68.45033836615903,2023-12-11 08:00:00
SOL,68.8782223617669,2023-12-11 09:00:36
SOL,69.30523539042572,2023-12-11 10:00:05
SOL,69.40842767548247,2023-12-11 11:00:31
SOL,69.54920446478414,2023-12-11 12:00:06
SOL,68.93773420290296,2023-12-11 13:00:37
SOL,68.35796371186433,2023-12-11 14:00:03
SOL,67.5270735034824,2023-12-11 15:00:07
SOL,69.20683101389422,2023-12-11 16:00:17
SOL,69.90695963162362,2023-12-11 17:00:10
SOL,69.77037916741385,2023-12-11 18:00:01
SOL,69.81958879159382,2023-12-11 19:00:06
SOL,69.25287881508824,2023-12-11 20:00:31
SOL,68.96988547407707,2023-12-11 21:00:24
SOL,69.12058961222365,2023-12-11 22:00:35
SOL,69.58947081453252,2023-12-11 23:00:07
SOL,70.3577474742018,2023-12-12 00:00:23
SOL,71.03783224766644,2023-12-12 01:00:20
SOL,71.09654995279662,2023-12-12 02:00:41
SOL,71.21008006682423,2023-12-12 03:00:11
SOL,71.12203658921065,2023-12-12 04:00:53
SOL,70.50446414786077,2023-12-12 05:00:30
SOL,70.68464624067884,2023-12-12 06:00:15
SOL,70.61762738321453,2023-12-12 07:00:53
SOL,71.56058339583169,2023-12-12 08:00:18
SOL,71.62693751470574,2023-12-12 09:00:19
SOL,71.80496569318606,2023-12-12 10:00:05
SOL,71.4534038344378,2023-12-12 11:00:07
SOL,70.70458212274752,2023-12-12 12:00:19
SOL,70.8686164793125,2023-12-12 13:00:19
SOL,71.37452457009816,2023-12-12 14:00:25
SOL,69.37858818838829,2023-12-12 15:00:23
SOL,68.53716281723183,2023-12-12 16:00:29
SOL,67.6037982734439,2023-12-12 17:00:40
SOL,66.04081223635747,2023-12-12 18:00:33
SOL,68.17128368584643,2023-12-12 19:00:10
SOL,67.42035624206082,2023-12-12 20:00:18
SOL,67.69700879319744,2023-12-12 21:00:42
SOL,67.1522156687967,2023-12-12 22:00:42
SOL,67.82591481805464,2023-12-12 23:00:35
SOL,68.52923871075102,2023-12-13 00:00:09
SOL,68.16457247330686,2023-12-13 01:00:12
SOL,66.91714066035543,2023-12-13 02:00:35
SOL,66.6705462910589,2023-12-13 03:00:26
SOL,65.45729623254574,2023-12-13 04:00:39
SOL,66.06530352608728,2023-12-13 05:00:20
SOL,65.81525642740235,2023-12-13 06:00:08
SOL,64.81407689960784,2023-12-13 07:00:33
SOL,64.95861808290678,2023-12-13 08:00:26
SOL,66.2489276076715,2023-12-13 09:00:30
SOL,66.2086393863973,2023-12-13 10:00:18
SOL,65.59065332155157,2023-12-13 11:00:05
SOL,65.38296456569373,2023-12-13 12:00:42
SOL,66.013052796484,2023-12-13 13:00:06
SOL,67.09769150511586,2023-12-13 14:00:32
SOL,66.86122482622012,2023-12-13 15:00:21
SOL,67.61031375304835,2023-12-13 16:00:22
SOL,67.02333041030032,2023-12-13 17:00:32
SOL,67.37592833375808,2023-12-13 18:00:11
SOL,67.84469156553227,2023-12-13 19:00:09
SOL,70.3843929840353,2023-12-13 20:00:07
SOL,71.47007235792752,2023-12-13 21:00:06
SOL,71.71231403167853,2023-12-13 22:00:34
SOL,71.45999046460703,2023-12-13 23:00:06
SOL,70.69786595936304,2023-12-14 00:00:19
SOL,69.96244179968058,2023-12-14 01:00:51
SOL,70.11078010918534,2023-12-14 02:00:07
SOL,70.20768215695026,2023-12-14 03:00:00
SOL,70.09437184518727,2023-12-14 04:00:19
SOL,69.91008172995313,2023-12-14 05:00:48
SOL,70.97444282685183,2023-12-14 06:00:17
SOL,71.47443099068529,2023-12-14 07:00:41
SOL,71.59524021928048,2023-12-14 08:00:32
SOL,71.28094864648584,2023-12-14 09:00:07
SOL,72.23949195621715,2023-12-14 10:00:31
SOL,72.5233099538297,2023-12-14 11:00:38
SOL,73.17743971061991,2023-12-14 12:00:15
SOL,72.96718651466134,2023-12-14 13:00:29
SOL,71.20240731223903,2023-12-14 14:00:38
SOL,71.50123478349745,2023-12-14 15:00:04
SOL,71.55181702357949,2023-12-14 16:00:18
SOL,73.59667063829475,2023-12-14 17:00:13
SOL,73.94482550691087,2023-12-14 18:00:07
SOL,73.17632351626938,2023-12-14 19:00:17
SOL,73.45005285267459,2023-12-14 20:00:09
SOL,72.92910330759265,2023-12-14 21:00:44
SOL,73.7958897833161,2023-12-14 22:00:23
SOL,75.73308023210919,2023-12-14 23:00:26
SOL,75.6139961653307,2023-12-15 00:00:11
SOL,74.67871354335477,2023-12-15 01:00:48
SOL,74.81030859390215,2023-12-15 02:00:09
SOL,75.05763018860972,2023-12-15 03:00:08
SOL,74.38556019145142,2023-12-15 04:00:25
SOL,75.00190014153442,2023-12-15 05:00:24
SOL,75.13224913132348,2023-12-15 06:00:44
SOL,75.20537650969017,2023-12-15 07:00:07
SOL,76.37231337173347,2023-12-15 08:00:20
SOL,76.4775519573963,2023-12-15 09:00:41
SOL,78.59352800337442,2023-12-15 10:00:26
SOL,78.71976827994612,2023-12-15 11:00:45
SOL,78.81749484417539,2023-12-15 12:01:01
SOL,77.32588792861158,2023-12-15 13:00:11
SOL,75.67829503104636,2023-12-15 14:00:59
SOL,75.58695089972787,2023-12-15 15:00:14
SOL,76.07281424695752,2023-12-15 16:00:55
SOL,74.24675642292874,2023-12-15 17:00:44
SOL,75.05769039695674,2023-12-15 18:00:39
SOL,76.71066093598677,2023-12-15 19:00:22
SOL,76.8751768549568,2023-12-15 20:00:06
SOL,77.05775378753316,2023-12-15 21:00:30
SOL,76.6264999314,2023-12-15 22:00:30
SOL,75.01655563299566,2023-12-15 23:00:22
SOL,72.45065477173192,2023-12-16 00:00:38
SOL,72.74757349524562,2023-12-16 01:01:01
SOL,73.51757880835049,2023-12-16 02:00:04
SOL,73.93485013542474,2023-12-16 03:00:16
SOL,74.27534157258523,2023-12-16 04:00:31
SOL,73.96685348557034,2023-12-16 05:00:12
SOL,74.13808706936811,2023-12-16 06:00:25
SOL,73.80719991794642,2023-12-16 07:00:12
SOL,74.2682677667657,2023-12-16 08:00:39
SOL,73.89405153447893,2023-12-16 09:00:05
SOL,73.9329386917293,2023-12-16 10:00:34
SOL,74.17445560940882,2023-12-16 11:00:17
SOL,74.88574797804314,2023-12-16 12:00:09
SOL,76.10778575062487,2023-12-16 13:00:03
SOL,75.63656962730907,2023-12-16 14:00:11
SOL,75.23649081069019,2023-12-16 15:00:12
SOL,77.11231832403067,2023-12-16 16:00:44
SOL,76.3148552957714,2023-12-16 17:00:21
SOL,76.43779181581868,2023-12-16 18:00:30
SOL,75.03210616858875,2023-12-16 19:00:06
SOL,74.03117052302896,2023-12-16 20:00:23
SOL,73.45750175082317,2023-12-16 21:00:10
SOL,73.58268442160053,2023-12-16 22:00:41
SOL,73.95500623238463,2023-12-16 23:00:06
SOL,73.54626213767246,2023-12-17 00:00:37
SOL,73.80946018719621,2023-12-17 01:00:55
SOL,73.03356833558773,2023-12-17 02:00:57
SOL,73.26726042109169,2023-12-17 03:00:36
SOL,73.43500014346363,2023-12-17 04:00:20
SOL,73.71920232892663,2023-12-17 05:00:39
SOL,72.73257300874786,2023-12-17 06:00:26
SOL,72.31808517616977,2023-12-17 07:00:44
SOL,72.29541976628595,2023-12-17 08:00:50
SOL,72.84715874053177,2023-12-17 09:00:16
SOL,72.83400085253369,2023-12-17 10:00:02
SOL,72.80045340568795,2023-12-17 11:00:09
SOL,72.90106030919192,2023-12-17 12:00:33
SOL,72.77312053897548,2023-12-17 13:00:11
SOL,71.62543901845996,2023-12-17 14:00:13
SOL,71.9676987712256,2023-12-17 15:00:40
SOL,72.49978350079675,2023-12-17 16:00:11
SOL,73.357103849191,2023-12-17 17:00:27
SOL,73.92216151434444,2023-12-17 18:00:32
SOL,73.98942174852894,2023-12-17 19:00:07
SOL,73.5463340861202,2023-12-17 20:00:20
SOL,73.9600513527735,2023-12-17 21:00:51
SOL,73.76954915750622,2023-12-17 22:00:55
SOL,72.24185922313625,2023-12-17 23:00:15
SOL,71.09304612532529,2023-12-18 00:00:16
SOL,71.61594465866165,2023-12-18 01:00:17
SOL,70.70979357678894,2023-12-18 02:00:03
SOL,69.16263131513813,2023-12-18 03:00:07
SOL,69.84951796358797,2023-12-18 04:00:57
SOL,70.04251735584486,2023-12-18 05:00:45
SOL,69.65257697419877,2023-12-18 06:00:08
SOL,69.94976075924556,2023-12-18 07:00:10
SOL,69.09170917523072,2023-12-18 08:00:00
SOL,69.4998411504029,2023-12-18 09:00:25
SOL,68.8043705365754,2023-12-18 10:00:26
SOL,68.06620430163987,2023-12-18 11:00:36
SOL,68.73622153497168,2023-12-18 12:01:29
SOL,68.39902728687517,2023-12-18 13:00:52
SOL,69.92921601585061,2023-12-18 14:00:30
SOL,71.24737014331168,2023-12-18 15:00:10
SOL,70.76240501051329,2023-12-18 16:00:22
SOL,71.63318656092777,2023-12-18 17:00:57
SOL,71.93110284441003,2023-12-18 18:00:06
SOL,72.04524248327138,2023-12-18 19:00:28
SOL,72.35980347326957,2023-12-18 20:00:05
SOL,72.94589656035133,2023-12-18 21:00:17
SOL,74.98645513048658,2023-12-18 22:00:39
SOL,74.48351325222822,2023-12-18 23:00:03
SOL,74.26421906512589,2023-12-19 00:01:19
SOL,74.65350068265691,2023-12-19 01:01:23
SOL,75.91240868515503,2023-12-19 02:00:45
SOL,75.77422615932919,2023-12-19 03:00:07
SOL,75.33752041785954,2023-12-19 04:00:12
SOL,75.68771209639313,2023-12-19 05:00:37
SOL,75.96920211970331,2023-12-19 06:00:53
SOL,75.67513527624625,2023-12-19 07:00:50
SOL,75.8968724348256,2023-12-19 08:00:47
SOL,75.39643398323607,2023-12-19 09:01:17
SOL,74.90624819512416,2023-12-19 10:00:20
SOL,75.1750642374697,2023-12-19 11:00:47
SOL,74.6247545586882,2023-12-19 12:00:40
SOL,74.62939422175558,2023-12-19 13:00:38
SOL,74.7976101788882,2023-12-19 14:01:37
SOL,73.15545550217907,2023-12-19 15:00:39
SOL,73.83698531090806,2023-12-19 16:00:52
SOL,73.25790638797528,2023-12-19 17:00:16
SOL,72.3099328969073,2023-12-19 18:00:51
SOL,73.04580662348951,2023-12-19 19:00:45
SOL,74.14079493604173,2023-12-19 20:00:27
SOL,73.28529602062639,2023-12-19 21:00:49
SOL,73.55626657158679,2023-12-19 22:00:10
SOL,72.76745510288833,2023-12-19 23:00:09
SOL,72.61144991141754,2023-12-20 00:00:57
SOL,73.7175253912676,2023-12-20 01:00:02
SOL,73.81053268974412,2023-12-20 02:00:08
SOL,74.06625935113406,2023-12-20 03:00:07
SOL,74.84708173992777,2023-12-20 04:00:55
SOL,75.31078330291459,2023-12-20 05:00:30
SOL,74.97176751645065,2023-12-20 06:00:17
SOL,75.66632162747251,2023-12-20 07:00:23
SOL,76.04783104803224,2023-12-20 08:01:01
SOL,76.39211946124585,2023-12-20 09:01:09
SOL,77.45076468049317,2023-12-20 10:00:15
SOL,77.61321876539891,2023-12-20 11:00:03
SOL,77.20305391670952,2023-12-20 12:00:18
SOL,76.96256700850579,2023-12-20 13:00:06
SOL,79.091337801206,2023-12-20 14:00:06
SOL,78.88962581862016,2023-12-20 15:00:08
SOL,80.41539197525204,2023-12-20 16:00:27
SOL,80.11470602539725,2023-12-20 17:01:03
SOL,83.0852010421523,2023-12-20 18:00:53
SOL,83.09262868924644,2023-12-20 19:00:13
SOL,81.26799015311889,2023-12-20 20:01:28
SOL,79.89130399531041,2023-12-20 21:00:33
SOL,79.86657966092535,2023-12-20 22:00:43
SOL,81.9132762966367,2023-12-20 23:00:08
SOL,82.09852590231738,2023-12-21 00:00:17
SOL,82.85077923600525,2023-12-21 01:01:33
SOL,82.55110192566251,2023-12-21 02:00:17
SOL,82.94663155786081,2023-12-21 03:00:10
SOL,83.03063243193382,2023-12-21 04:00:04
SOL,84.34052949886983,2023-12-21 05:00:12
SOL,83.91835141891451,2023-12-21 06:00:44
SOL,85.74841054731068,2023-12-21 07:00:19
SOL,86.73057226692757,2023-12-21 08:01:23
SOL,86.05936259932342,2023-12-21 09:00:08
SOL,85.76020706934165,2023-12-21 10:00:34
SOL,87.62102227801218,2023-12-21 11:00:48
SOL,87.01535010946662,2023-12-21 12:00:37
SOL,86.57643707460025,2023-12-21 13:00:38
SOL,87.42704979131088,2023-12-21 14:01:18
SOL,86.63019228551387,2023-12-21 15:00:12
SOL,87.40898923654159,2023-12-21 16:00:16
SOL,89.28278714466174,2023-12-21 17:00:33
SOL,93.11494190080828,2023-12-21 18:00:09
SOL,91.50530571047457,2023-12-21 19:00:51
SOL,92.57877858572242,2023-12-21 20:01:01
SOL,92.6700707160714,2023-12-21 21:00:59
SOL,91.45363194442835,2023-12-21 22:00:00
SOL,94.5764514460603,2023-12-21 23:00:01
SOL,93.84101326199185,2023-12-22 00:00:35
SOL,94.02900394026956,2023-12-22 01:00:09
SOL,97.40136594712088,2023-12-22 02:00:54
SOL,98.81501510651982,2023-12-22 03:00:38
SOL,97.33830155080452,2023-12-22 04:00:32
SOL,98.7043257834019,2023-12-22 05:00:48
SOL,98.51132813224147,2023-12-22 06:00:11
SOL,94.89257828803328,2023-12-22 07:00:20
SOL,92.75484403628599,2023-12-22 08:00:27
SOL,93.20250451963764,2023-12-22 09:00:06
SOL,92.16588754138581,2023-12-22 10:01:10
SOL,93.03523391258575,2023-12-22 11:00:05
SOL,93.66738765739349,2023-12-22 12:00:35
SOL,94.28389549815104,2023-12-22 13:00:56
SOL,94.29327729225663,2023-12-22 14:00:00
SOL,94.10554798355399,2023-12-22 15:00:42
SOL,96.38534797277057,2023-12-22 16:00:15
SOL,93.88726860983508,2023-12-22 17:00:10
SOL,95.40919710103974,2023-12-22 18:01:15
SOL,97.12633298355932,2023-12-22 19:01:40
SOL,96.58228599141145,2023-12-22 20:00:13
SOL,96.98914363940924,2023-12-22 21:01:30
SOL,96.76753588713157,2023-12-22 22:00:01
SOL,97.12025354477034,2023-12-22 23:00:54
SOL,98.07800224122698,2023-12-23 00:00:25
SOL,96.04591555527799,2023-12-23 01:01:03
SOL,94.89902227705,2023-12-23 02:00:42
SOL,95.02637012249298,2023-12-23 03:00:47
SOL,93.81858506942967,2023-12-23 04:00:44
SOL,94.51029804484975,2023-12-23 05:00:29
SOL,95.01055283390419,2023-12-23 06:00:09
SOL,96.26483513554426,2023-12-23 07:00:32
SOL,95.7357202700254,2023-12-23 08:00:36
SOL,95.97470234705469,2023-12-23 09:00:59
SOL,95.81533698278606,2023-12-23 10:00:22
SOL,95.59847592305833,2023-12-23 11:00:12
SOL,95.92065890779428,2023-12-23 12:00:43
SOL,97.0159719602946,2023-12-23 13:00:17
SOL,95.98887536988666,2023-12-23 14:00:23
SOL,96.21785021339659,2023-12-23 15:00:12
SOL,96.76557720429402,2023-12-23 16:00:44
SOL,97.53931893663136,2023-12-23 17:00:41
SOL,98.1409731744785,2023-12-23 18:01:53
SOL,103.3676251334176,2023-12-23 19:00:06
SOL,102.6420150992524,2023-12-23 20:00:35
SOL,103.07556060297391,2023-12-23 21:00:34
SOL,102.79684022412756,2023-12-23 22:00:39
SOL,108.95753843707958,2023-12-23 23:00:16
SOL,107.63981717421447,2023-12-24 00:00:09
SOL,109.00669876446571,2023-12-24 01:00:35
SOL,112.28509648171676,2023-12-24 02:00:46
SOL,112.22748773417038,2023-12-24 03:00:21
SOL,116.48227945313381,2023-12-24 04:00:40
SOL,114.28853806255925,2023-12-24 05:00:16
SOL,113.1207410689847,2023-12-24 06:00:53
SOL,111.74236388950644,2023-12-24 07:00:28
SOL,114.47858001388884,2023-12-24 08:00:08
SOL,113.96271280129235,2023-12-24 09:00:34
SOL,113.0918645346231,2023-12-24 10:00:56
SOL,110.00716610723941,2023-12-24 11:00:48
SOL,110.26437675471702,2023-12-24 12:00:33
SOL,112.93053939482138,2023-12-24 13:00:15
SOL,112.15621819588024,2023-12-24 14:00:17
SOL,113.14859231146546,2023-12-24 15:00:13
SOL,113.08748259601622,2023-12-24 16:00:25
SOL,115.91979464019288,2023-12-24 17:00:42
SOL,114.41896580600432,2023-12-24 18:00:37
SOL,116.59165825150974,2023-12-24 19:01:02
SOL,115.21431824017735,2023-12-24 20:00:33
SOL,112.19828302790015,2023-12-24 21:00:36
SOL,113.32384771597697,2023-12-24 22:00:25
SOL,111.65682391838081,2023-12-24 23:00:11
SOL,112.44835843501905,2023-12-25 00:00:04
SOL,109.02926027948763,2023-12-25 01:00:10
SOL,110.23243835595812,2023-12-25 02:01:08
SOL,110.61478980595348,2023-12-25 03:00:15
SOL,111.89329273607504,2023-12-25 04:00:16
SOL,111.84598606011146,2023-12-25 05:00:52
SOL,113.12972051261781,2023-12-25 06:00:26
SOL,113.27851323843534,2023-12-25 07:00:36
SOL,112.96784715527977,2023-12-25 08:01:06
SOL,111.2765297673719,2023-12-25 09:00:14
SOL,110.89330257494403,2023-12-25 10:00:07
SOL,111.31900784970037,2023-12-25 11:01:00
SOL,111.83796653014166,2023-12-25 12:01:52
SOL,113.28876529406531,2023-12-25 13:00:30
SOL,114.65592534851478,2023-12-25 14:00:51
SOL,117.80949733734556,2023-12-25 15:00:11
SOL,122.90436806512764,2023-12-25 16:00:35
SOL,122.07256073523723,2023-12-25 17:00:54
SOL,123.68380802727252,2023-12-25 18:00:29
SOL,122.78811608396427,2023-12-25 19:00:08
SOL,122.21238757614094,2023-12-25 20:00:30
SOL,118.64735429823695,2023-12-25 21:00:34
SOL,119.53813897609066,2023-12-25 22:00:53
SOL,119.64186422819353,2023-12-25 23:00:30
SOL,121.44659325631167,2023-12-26 00:00:31
SOL,118.80086138003612,2023-12-26 01:00:24
SOL,120.1388213934077,2023-12-26 02:00:11
SOL,118.62908471785676,2023-12-26 03:00:21
SOL,119.16299163730169,2023-12-26 04:00:46
SOL,120.4320011831882,2023-12-26 05:00:24
SOL,115.41319877217293,2023-12-26 06:00:57
SOL,112.18125535156659,2023-12-26 07:01:06
SOL,113.34183231879678,2023-12-26 08:00:50
SOL,113.87992732133405,2023-12-26 09:00:26
SOL,112.86423221081219,2023-12-26 10:00:55
SOL,114.831716240092,2023-12-26 11:00:12
SOL,114.89750488009751,2023-12-26 12:01:06
SOL,116.33101830810966,2023-12-26 13:00:10
SOL,115.55716356164909,2023-12-26 14:01:44
SOL,113.23319712258856,2023-12-26 15:00:54
SOL,110.88811262784668,2023-12-26 16:00:32
SOL,112.2303796405061,2023-12-26 17:00:35
SOL,105.69519523348636,2023-12-26 18:00:29
SOL,106.62492689148337,2023-12-26 19:00:15
SOL,106.70142577957543,2023-12-26 20:00:08
SOL,107.5482139547417,2023-12-26 21:00:43
SOL,109.58966710195118,2023-12-26 22:00:32
SOL,111.70304590729538,2023-12-26 23:00:52
SOL,112.59870090968725,2023-12-27 00:00:33
SOL,110.18995525019129,2023-12-27 01:01:26
SOL,111.24498656577587,2023-12-27 02:00:57
SOL,109.2544542000069,2023-12-27 03:01:10
SOL,108.71296524195016,2023-12-27 04:01:02
SOL,110.53934990935153,2023-12-27 05:00:16
SOL,111.35886625823754,2023-12-27 06:00:42
SOL,111.75794236499297,2023-12-27 07:00:41
SOL,111.54007669487105,2023-12-27 08:00:14
SOL,113.07830824393234,2023-12-27 09:00:57
SOL,111.57896868731565,2023-12-27 10:00:33
SOL,114.70554046256119,2023-12-27 11:00:22
SOL,112.8869104746818,2023-12-27 12:00:58
SOL,112.31211261122796,2023-12-27 13:00:40
SOL,111.60868780558395,2023-12-27 14:00:05
SOL,108.33802380860367,2023-12-27 15:00:16
SOL,108.03465853993616,2023-12-27 16:01:02
SOL,105.43678548923975,2023-12-27 17:00:41
SOL,107.96984326590892,2023-12-27 18:00:14
SOL,110.03659268534635,2023-12-27 19:00:23
SOL,108.87098494645839,2023-12-27 20:00:14
SOL,109.34567456206084,2023-12-27 21:00:42
SOL,108.9954817696054,2023-12-27 22:00:49
SOL,107.25050126511768,2023-12-27 23:00:49
SOL,106.96716266233769,2023-12-28 00:01:26
SOL,107.1141449517843,2023-12-28 01:01:15
SOL,105.13889098088522,2023-12-28 02:01:52
SOL,103.74053522658349,2023-12-28 03:00:52
SOL,104.60837700572239,2023-12-28 04:00:28
SOL,104.53811402269253,2023-12-28 05:00:10
SOL,105.04474817665688,2023-12-28 06:01:02
SOL,104.89789829095042,2023-12-28 07:00:46
SOL,106.03172082810485,2023-12-28 08:01:14
SOL,105.31549335531706,2023-12-28 09:00:20
SOL,104.71788175625214,2023-12-28 10:00:41
SOL,105.36934076131718,2023-12-28 11:00:54
SOL,105.1014944216824,2023-12-28 12:00:02
SOL,103.7743962872203,2023-12-28 12:31:53
